k,min,max,obs,pos
4,0.15952940357459047,0.25795455822860675,sy,0
5,0.1792809924995538,0.19541936698317877,sy,0
6,0.1862680966362943,0.19033218676493466,sy,0
7,0.18847188323420958,0.18956531457113804,sy,0
4,0.15952940357459047,0.25795455822860675,sy,0
