k,min,max,obs,pos
4,0.37080167280915455,0.47183887971268534,sx,0
5,0.43044900527659924,0.4554259273572976,sx,0
6,0.44338380287022466,0.44897110994289413,sx,0
7,0.446117029232802,0.4473050581060879,sx,0
4,0.37080167280915455,0.47183887971268534,sx,0
